,pseudowords
0,族热
1,波案
2,脱重
3,律发
4,幼生
5,功考
6,物类
7,完资
8,画沉
9,分滑
10,参挖
11,瘾究
12,国军
13,护机
14,儿亢
15,寓上
16,管浑
17,止入
18,滑透
19,武忍
20,容产
21,官辞
22,制配
23,包剧
24,官蔽
25,轰单
26,情露
27,蚂光
28,节止
29,民抗
30,正常
31,利蔓
32,惜男
33,寿言
34,围测
35,赛主
36,空食
37,士风
38,顿族
39,野逐
40,位平
41,静规
42,剧解
43,官脱
44,祖浸
45,常攻
46,观赛
47,儿派
48,遥白
49,遗复
50,急秘
51,硬滋
52,皇切
53,构行
54,降护
55,审规
56,呼廷
57,主苦
58,惊逐
59,类屋
60,年寓
61,游宁
62,隐祖
63,挑统
64,惊搜
65,扬颜
66,约度
67,调查
68,颜贫
69,发游
70,爱空
71,任脱
72,城抗
73,热子
74,现任
75,突柔
76,摆维
77,益领
78,色方
79,深邮
80,作嘱
81,配消
82,油盖
83,缓试
84,异足
85,诫围
86,干奇
87,查人
88,揭征
89,星罕
90,对作
91,查情
92,掩自
93,控便
94,骄拓
95,味履
96,强救
97,忙庄
98,散斗
99,卫警
100,评世
101,图火
102,息备
103,进权
104,虑诺
105,热容
106,蚁警
107,民求
108,铁隐
109,极淋
110,民查
111,化人
112,示点
113,请公
114,消权
115,部寻
116,航干
117,规发
118,同求
119,剧容
120,表果
121,票拜
122,报平
123,动节
124,抗密
125,举俭
126,内内
127,发物
128,统散
129,命城
130,差烈
131,脱部
132,消工
133,价车
134,请婴
135,食消
136,沉巧
137,骇险
138,员合
139,作经
140,步详
141,求疑
142,惊宗
143,整西
144,公遣
145,常默
146,事国
147,击达
148,书攻
149,农调
150,试梧
151,追浪
152,史呼
153,抗活
154,攻临
155,围皇
156,延犷
157,恭女
158,掘情
159,责促
160,宫体
161,庄渗
162,实储
163,妙诱
164,怀节
165,村怪
166,人开
167,支国
168,主划
169,敢降
170,家喊
171,诧督
172,心公
173,协辛
174,旧益
175,奇观
176,证威
177,竣风
178,许单
179,灭纳
180,货执
181,斗爱
182,闻忙
183,贫人
184,纯灭
185,透申
186,侃化
187,官费
188,要害
189,案导
190,击厉
191,话边
192,国冰
193,公儿
194,主年
195,尽告
196,粗忙
197,害调
198,度女
199,开行
200,试呼
201,协控
202,蓄回
203,性极
204,含征
205,透漠
206,测民
207,夫表
208,脱见
209,漫适
210,议物
211,劝抗
212,彻限
213,移官
214,降阳
215,攻率
216,粗考
217,究小
218,径遗
219,气村
220,院动
221,回丝
222,助则
223,求整
224,重配
225,关效
226,维查
227,谈持
228,露玩
229,重授
230,地子
231,顽军
232,告境
233,别安
234,法进
235,浑支
236,人图
237,凝然
238,滋态
239,婴动
240,利地
241,活观
242,平利
243,蔓省
244,应巨
245,幕判
246,果眼
247,谦举
248,律连
249,谨命
250,救做
251,茂急
252,反观
253,护空
254,宁淋
255,灼沉
256,倾耐
257,秩士
258,抢身
259,抗降
260,场流
261,诱落
262,旋语
263,费情
264,搏挽
265,占人
266,详娇
267,俨孕
268,物嘴
269,热吃
270,坚守
271,规利
272,认府
273,点题
274,据碰
275,视护
276,奇尽
277,笑反
278,听宜
279,客脱
280,方情
281,护抢
282,玩现
283,虚常
284,日警
285,眼子
286,熟便
287,身纠
288,爆述
289,险评
290,挽填
291,坚吁
292,雄武
293,宏察
294,突武
295,碌惊
296,狂难
297,诉民
298,沉民
299,特严
300,倡气
301,关生
302,发妇
303,中撞
304,履迷
305,医谈
306,有壮
307,心贵
308,政规
309,踪契
310,摆异
311,力救
312,解官
313,制家
314,淘补
315,空委
316,露色
317,解化
318,羞皮
319,着坛
320,民傲
321,厚热
322,经踌
323,达吸
324,体职
325,停士
326,娇画
327,遏朴
328,多诧
329,省统
330,纳惊
331,观据
332,利球
333,浑大
334,厉销
335,边击
336,参茂
337,权占
338,迷迷
339,喊艰
340,纳调
341,规书
342,决平
343,协严
344,烈咐
345,肥雍
346,配丈
347,慎效
348,辑事
349,足救
350,自利
351,阐郎
352,女容
353,术照
354,军默
355,光触
356,人挑
357,脏候
358,善票
359,逐键
360,军证
361,士古
362,武货
363,妇离
364,觅差
365,解动
366,传粗
367,锐协
368,先酬
369,问滑
370,防独
371,打向
372,巧插
373,醉覆
374,严察
375,临筹
376,知线
377,检医
378,逐儿
379,诺配
380,辞人
381,缓策
382,怪平
383,府外
384,纪宫
385,调味
386,邮钢
387,主村
388,丈规
389,密灭
390,人油
391,离装
392,揭卑
393,行粹
394,确冲
395,插惜
396,撞淘
397,代装
398,儿弱
399,制包
400,合作
401,全恭
402,白默
403,钢领
404,搜肥
405,吸功
406,警弥
407,规开
408,线赖
409,世话
410,藏人
411,冲羞
412,闭军
413,制隐
414,意祖
415,淋媳
416,守事
417,秘逍
418,相接
419,率粗
420,覆闲
421,女法
422,救请
423,正解
424,碰劝
425,育侃
426,考要
427,渗注
428,领责
429,抗底
430,匆威
431,滑静
432,先论
433,命心
434,锋漫
435,拜正
436,异倾
437,迷遗
438,奔防
439,发谦
440,址诫
441,储常
442,打请
443,界反
444,告步
445,观行
446,活害
447,祖宣
448,灭参
449,易硬
450,赛卫
451,人收
452,观掘
453,路人
454,益隐
455,害追
456,追铁
457,右叮
458,性焦
459,抵先
460,屋金
461,效配
462,人认
463,醒场
464,威怜
465,境初
466,察追
467,奇军
468,静阐
469,开力
470,授多
471,复别
472,江抢
473,烈发
474,则术
475,益量
476,默援
477,西圆
478,人热
479,险支
480,脸闻
481,雍妇
482,简约
483,事史
484,军流
485,罕辑
486,妇铁
487,向望
488,促除
489,威下
490,警热
491,宽径
492,围告
493,布活
494,支护
495,耍试
496,点依
497,节夸
498,法人
499,法藏
